content_id,title,pagePath,videoId
cp:6dae5ee5c316af35,1. Introdu√ß√£o √† IAG no Marketing Digital,/conteudo/cursos/introducao-iag-no-mkt-digital/introduo-iag-no-marketing-digital,
cp:4fc75ca577295ec2,Acesso ao site | Classplay,/login/index.php,
cp:cb61eb6fae3fd01f,Acrescentar um coorte | Classplay,/cohort/edit.php,
cp:f375f29e653d154b,Agentes GPT para Recursos Humanos,/turmas-templo/controle-templo/automao-para-rh/lista-de-agentes-gpt-avanados,
cp:85b6740f843a9337,Agentes IA,/automacao/agentes-prontos,
cp:7f47cb1bcc04116b,Agentes IA | Classplay,/mod/aiagents/view.php,
cp:f30ca26acffd5796,Agentes IA | Classplay,/mod/aiagents/resource.php,
cp:c8a3e4e852ac5b9e,Aprenda R√°pido: Mini Cursos Tem√°ticos,/conteudo/cursos/mini-cursos-tematicos,
cp:32b0cc58302828b7,Assinantes | Classplay,/mod/forum/subscribers.php,
cp:a9a02c4f28b91665,Atividades do curso: üîí O Mundo dos Agents | Classplay,/course/overview.php,
cp:b42346866ee65a47,Avalia√ß√£o avan√ßada | Classplay,/grade/grading/manage.php,
cp:a2dc26b29d959c7a,Avisos do site | Classplay,/mod/forum/view.php,
cp:5ecaa763e61d7162,A√ß√µes em lote sobre usu√°rios | Contas | Usu√°rios | Administra√ß√£o | Classplay,/admin/user/user_bulk.php,
cp:637d652b473c13db,Backups | Relat√≥rios | Administra√ß√£o | Classplay,/report/backups/index.php,
cp:638f192448bd42fe,Banco de conte√∫do | Classplay,/contentbank/index.php,
cp:27735799fcfcd6f9,Bancos de quest√µes | Classplay,/question/banks.php,
cp:aa9a0d584814bf9d,Biblioteca de Ferramentas,/turmas-templo/controle-templo/ferramentas-0425,
cp:6dd4a56938dd42f2,Campos personalizados de curso | Configura√ß√µes padr√£o | Cursos | Administra√ß√£o | Classplay,/course/customfield.php,
cp:fe071df9481176e4,Campos personalizados do Coorte | Contas | Usu√°rios | Administra√ß√£o | Classplay,/cohort/customfield.php,
cp:481170172f739dfc,Campos personalizados do relat√≥rio | Construtor de relat√≥rios | Relat√≥rios | Administra√ß√£o | Classplay,/reportbuilder/customfield.php,
cp:c5a0148e2fefaf5f,Carregar lista de usu√°rios | Contas | Usu√°rios | Administra√ß√£o | Classplay,/admin/tool/uploaduser/index.php,
cp:8697d1d84e39271a,Classplay | Mapa da Plataforma,/ee0a74cee3f5490c89f562e291580e07,
cp:2d8d8af79532379c,Classplay: Atividade do curso | Classplay,/report/outline/index.php,
cp:8da62c0751ca3e71,Classplay: Logs da √∫ltima hora | Classplay,/report/loglive/index.php,
cp:a1c117e0ec88bcb5,Classplay: Modificar perfil | Classplay,/user/edit.php,
cp:279133465efbc052,Classplay: Perfil p√∫blico (P√°gina padr√£o de perfil) | Classplay,/user/profilesys.php,
cp:81837bd368b657f9,Classplay: Prefer√™ncia de idioma | Classplay,/user/language.php,
cp:f150d8776c993625,Classplay: Prefer√™ncias do calend√°rio | Classplay,/user/calendar.php,
cp:0755314cbe5ea4b2,Classplay: Relat√≥rio de atividade | Classplay,/report/log/user.php,
cp:30615d8a9b4896bc,Classplay: Relat√≥rio de atividade | Classplay,/report/outline/user.php,
cp:da11057c3e1e2c12,Classplay: teste classplay | Classplay,/mod/forum/discuss.php,
cp:e9042006e20bc043,Classplay: teste classplay: teste classplay | Classplay,/mod/forum/post.php,
cp:e369808e39f40a7d,Compet√™ncias do curso | Classplay,/admin/tool/lp/coursecompetencies.php,
cp:68477d804953bccd,Conclus√£o de atividade padr√£o | Classplay,/course/defaultcompletion.php,
cp:b66c88ade87fa5a4,Configura√ß√µes de filtro em Curso: üîí O Mundo dos Agents | Classplay,/filter/manage.php,
cp:1328114ce54be9c0,Configura√ß√µes de mochila | Classplay,/badges/mybackpack.php,
cp:809059ddfecf8015,Construa Seu Prompt,/turmas-templo/controle-templo/construa-seu-prompt,
cp:8b9ea3fc29b44e14,Construa Seu Prompt,/Construa-Seu-Prompt-1655c644545480959699d20c9c02ce7c,
cp:b80915cf57fcc8c6,Contas de pagamento | Pagamentos | Administra√ß√£o | Classplay,/payment/accounts.php,
cp:ab0e50eed33afe95,Contas | Usu√°rios | Administra√ß√£o | Classplay,/admin/category.php,
cp:23bd5293087edb1d,Controle,/turmas-templo/controle-templo/wow-templo/controle,
cp:8c8e0da2e44f09c9,Controle - Templo,/Controle-Templo-1515c644545480ecbca8e0668453d1b3,
cp:af79116a6762a904,Controle - Templo,/turmas-templo/controle-templo,
cp:9092054ca52248e9,Cultura Templo,/turmas-templo/controle-templo/wow-templo/cultura-templo,
cp:add0b8dbcc5750bf,Curso: Classplay | Classplay,/backup/restorefile.php,
cp:5ede9e34546c852e,Cursos,/conteudo/cursos,
cp:d21729de6825dc44,Demonstra√ß√µes ao usu√°rio | Apar√™ncia | Administra√ß√£o | Classplay,/admin/tool/usertours/configure.php,
cp:dfd4a9c974765ee6,Distribui√ß√£o de compet√™ncias | Classplay,/report/competency/index.php,
cp:b60084d185ae14d3,Editar Se√ß√£o: | Modelos de IA | Classplay,/course/section.php,
cp:3bede2f2b71bc83e,Editar op√ß√µes da categoria | Classplay,/course/editcategory.php,
cp:7fa6f5af93c215fa,"Editar se√ß√£o: üîí Crie tom de voz, estilo, personas e muito mais com ferramentas de IA. | MINI.BRANDING-FREE | Classplay",/course/editsection.php,
cp:fbfe97cc7cad87dd,Emblemas | Classplay,/badges/index.php,
cp:4a0314531e3f09c6,Engajamento e Cultura Organizacional,/turmas-templo/controle-templo/automao-para-rh/prompts-para-recursos-humanos/engajamento-e-cultura-organizacional,
cp:c804a2a7463de7f9,Erro | Classplay,/admin/oauth2callback.php,
cp:6ab77a4ce6a68118,Erro | Classplay,/mod/aiagents/index.php,
cp:799355818e30105b,Erro | Classplay,/auth/oauth2/login.php,
cp:75a10c958aa7613e,Erro | Classplay,/course/edit.php,
cp:d7f620261a965336,Estrat√©gia 2025,/turmas-templo/controle-templo/wow-templo/controle/estratgia-2025,
cp:95d86156f312306a,Excluir TEMPLOFRE.0125T1 ? | Classplay,/course/delete.php,
cp:5e8473e3f647c25f,Fazer upload de coortes | Classplay,/cohort/upload.php,
cp:d67a915a788d1edf,Ferramentas externas LTI | Classplay,/mod/lti/coursetools.php,
cp:3d9c17af0b3b4ffc,Ferramentas | Classplay,/mod/aitools/view.php,
cp:2f2a04c91c55ed2b,Ferramentas | Classplay,/mod/aitools/resource.php,
cp:e33a09975e74d81c,Formul√°rio de registro | Classplay,/admin/tool/brickfield/registration.php,
cp:dcd77bb20387f23a,Gerenciamento de curso e categoria | Classplay,/course/management.php,
cp:df2e319539aab290,Gerenciar arquivos | Classplay,/lib/editor/tiny/plugins/media/manage.php,
cp:34d39f632fb01785,Gerenciar blocos | Blocos | Plugins | Administra√ß√£o | Classplay,/admin/blocks.php,
cp:91fc8bb885072940,Gerenciar tags | Apar√™ncia | Administra√ß√£o | Classplay,/tag/manage.php,
cp:c0f2db0109097f1f,Grupos | Classplay,/group/overview.php,
cp:43e4c82aeb0cf2b4,Guia de Cultura,/turmas-templo/controle-templo/wow-templo/guia-de-cultura,
cp:44bf1e912240c35d,Inscri√ß√£o em coorte por campo de perfil | Classplay,/local/profilecohort/index.php,
cp:9554448bc7977f19,Inscri√ß√£o em coorte por campo de perfil | Classplay,/local/profilecohort/cohorts.php,
cp:beb175a84d154008,Install plugins | Plugins | Administration | Classplay,/admin/tool/installaddon/index.php,
cp:ca2b94d65da4b5f6,Introdu√ß√£o √† Intelig√™ncia Artificial Generativa,/conteudo/cursos/introducao-iagen,
cp:da498769f14b401f,LLMS: Modelos de IA | Classplay,/mod/url/view.php,
cp:33dfff9a1e996728,Lista de Agentes GPT Avan√ßados,/turmas-templo/controle-templo/automao-para-rh/lista-de-agentes-gpt-avanados/lista-de-agentes-gpt-avanados,
cp:150b27ea1864e393,Lista de eventos | Relat√≥rios | Administra√ß√£o | Classplay,/report/eventlist/index.php,
cp:4b8d8cdff663dce6,Lista de usu√°rios | Contas | Usu√°rios | Administra√ß√£o | Classplay,/admin/user.php,
cp:1f0079b281794435,Lixeira | Classplay,/admin/tool/recyclebin/index.php,
cp:3616f2d69d278592,Logs de tarefas | Tarefas | Servidor | Administra√ß√£o | Classplay,/admin/tasklogs.php,
cp:25b5d896c93cf577,Marketing,/turmas-templo/controle-templo/wow-templo/controle/estratgia-2025/okrs-por-equipe/orks-2025-marketing,
cp:3f328ffbe0bcb324,Mensagens | Classplay,/message/index.php,
cp:6435020c26900cbd,Meus cursos | Classplay,/my/courses.php,
cp:0ac714dc7781bd3c,Modificar perfil: Nelson de Souza Altino | | Classplay,/user/editadvanced.php,
cp:33112d6cfaa97475,MundoAgents : Logs: P√°gina 2 | Classplay,/report/log/index.php,
cp:427e9a6244326375,M√ìDULO 1 - Fundamentos e Engenharia de Prompts,/turmas-templo/controle-templo/turma-jbs-ia-mkt/mdulo-1-fundamentos-e-engenharia-de-prompts,
cp:2ceabce3b52bc6da,M√ìDULO 1 - Fundamentos e Engenharia de Prompts,/M-DULO-1-Fundamentos-e-Engenharia-de-Prompts-1cb5c644545481a68d82f0630e86e4d1,
cp:902130b0ecbf7f89,M√ìDULO 2 - Toolbox Generativo,/turmas-templo/turma-iamkt1124-ab/mdulo-2-toolbox-generativo,
cp:0d984100a283dc4e,M√ìDULO 2 - Toolbox Generativo,/M-DULO-2-Toolbox-Generativo-1cb5c644545481088542ccb0ebd2d4ea,
cp:118981715bfe7734,M√ìDULO 3 - Agentes de IA,/M-DULO-3-Agentes-de-IA-1cb5c6445454811c8b4dd581266c576a,
cp:022db15a79995b87,M√ìDULO 4 - Estrat√©gias para Implementa√ß√£o e Uso Respons√°vel da IA no Direito,/turmas-templo/controle-templo/turma-dannemann-ia-law/mdulo-4-estratgias-para-implementao-e-uso-responsvel-da-ia-no-direito,
cp:e0e1a74916ec3707,M√ìDULO 4 - Generative Mkt in Action,/M-DULO-4-Generative-Mkt-in-Action-1cb5c64454548187afbff5818879d9a3,
cp:24ccbaa8de3b495c,M√©todos de inscri√ß√£o | Classplay,/enrol/instances.php,
cp:a3a8f0801e8c7f62,M√≥dulos do Curso,/1cb5c644545481c49e13d71c912f4e6f,
cp:45082ad331e567a1,Notar | Classplay,/course/loginas.php,
cp:f53e7908d1d24f17,Notifica√ß√µes | Classplay,/message/output/popup/notifications.php,
cp:c0eee81b4ad3b69a,Novas configura√ß√µes | Administra√ß√£o | Classplay,/admin/upgradesettings.php,
cp:292ce9cefdba484f,Novo √Årea de texto e m√≠dia | TEMPLO.FCA | Classplay,/course/modedit.php,
cp:c8efbafb7e9f0772,O B√°sico de IAGen no MKT Digital,/conteudo/cursos/introducao-iag-no-mkt-digital,
cp:29daaf4e03e7f808,O que voc√™ deve saber?,/turmas-templo/controle-templo/wow-templo/o-que-voc-deve-saber,
cp:6484addcefd07208,Onboarding Templo,/turmas-templo/controle-templo/wow-templo/controle/onboarding-templo,
cp:8dad8c89c5aa227e,Onboarding de Professores(as),/turmas-templo/controle-templo/wow-templo/controle/sala-dos-professores,
cp:801ab4b644899f22,Pap√©is da p√°gina principal | Classplay,/admin/roles/assign.php,
cp:42431a7eeac4c944,Perfil dos Monges,/turmas-templo/controle-templo/wow-templo/perfil-dos-monges,
cp:f4fc705973a39efd,Permiss√µes em Curso: üîí O Mundo dos Agents | Classplay,/admin/roles/permissions.php,
cp:4317de88631bdf95,Personaliza√ß√£o de idioma | Idioma | Administra√ß√£o | Classplay,/admin/tool/customlang/index.php,
cp:ec5664343fe4f32b,Personaliza√ß√£o de idioma | Idioma | Administra√ß√£o | Classplay,/admin/tool/customlang/edit.php,
cp:6e59b4a00fc2ad4c,Prefer√™ncias de notifica√ß√£o | Classplay,/message/notificationpreferences.php,
cp:da5a6e87348d7687,Prefer√™ncias | Classplay,/user/preferences.php,
cp:04a7f98f919c8253,Progresso da c√≥pia do curso | Classplay,/backup/copyprogress.php,
cp:f094c20fe7297015,Prompt Engineer,/automacao/agentes-prontos/prompt-engineer,
cp:11bcf1409ae4d180,Prompts Jur√≠dicos,/automacao-advogados/prompts-jurdicos,
cp:1e61c169962a80c3,Prompts para Marketing,/automacao/biblioteca-de-prompts,
cp:5aa697b3dc6fb70a,Prompts para Recursos Humanos,/turmas-templo/controle-templo/automao-para-rh/prompts-para-recursos-humanos,
cp:f020e4ff2c82bd10,Prompts | Classplay,/mod/aiprompts/objective.php,
cp:79f6440854f8fd5b,Prompts | Classplay,/mod/aiprompts/resource.php,
cp:980f8d77888d6371,Prompts | Classplay,/mod/aiprompts/area.php,
cp:88fd474081e401da,Purge caches | Development | Administration | Classplay,/admin/purgecaches.php,
cp:42099b4af021e53f,P√°gina inicial | Classplay,/,
cp:d1b9d85eb201e961,Registration | Administration | Classplay,/admin/registration/index.php,
cp:bae006965ae759d3,Relat√≥rio de notas | üîí O Mundo dos Agents | Classplay,/grade/report/grader/index.php,
cp:bdff994456e85de6,Relat√≥rio de todos os fatores | Classplay,/admin/tool/mfa/factor_report.php,
cp:3047ba14ebc1ba3c,Relat√≥rio do usu√°rio | eBooks | Classplay,/grade/report/user/index.php,
cp:8571590fdf58d037,Relat√≥rio geral - Naiara Botelho Jardim | Biblioteca de Prompts | Classplay,/grade/report/overview/index.php,
cp:ba226e4bde1ceb96,Relat√≥rios personalizados | Construtor de relat√≥rios | Relat√≥rios | Administra√ß√£o | Classplay,/reportbuilder/index.php,
cp:09cc6934610bd2e4,Relat√≥rios | Classplay,/report/view.php,
cp:3298b07e2874c122,Reposit√≥rio de Conte√∫dos,/turmas-templo/controle-templo/wow-templo/controle/repositrio-de-contedos,
cp:3aad419ddd7f89ce,Reposit√≥rio de Conte√∫dos,/Reposit-rio-de-Conte-dos-1855c644545480aba833fe69c6bddc95,
cp:d54c5bb7a140d0ec,Resumo da configura√ß√£o do registro | Classplay,/admin/tool/dataprivacy/summary.php,
cp:675a8bc670a4a532,Reutilizar curso | Classplay,/backup/view.php,
cp:68e3242a29af84ee,Rituais do Templo,/turmas-templo/controle-templo/wow-templo/rituais-do-templo,
cp:63c498b1b846ff6d,Roteirista para Onboarding de Novos Colaboradores,/turmas-templo/controle-templo/automao-para-rh/prompts-para-recursos-humanos/engajamento-e-cultura-organizacional/roteirista-para-onboarding-de-novos-colaboradores,
cp:a1f7725e76158398,Sair | Classplay,/login/logout.php,
cp:41d35cd2e64ff10d,Search | Administration | Classplay,/admin/search.php,
cp:bcafa13abe8edbb9,Servi√ßos OAuth 2 | Classplay,/admin/tool/oauth2/issuers.php,
cp:b49619665b8b0430,Servi√ßos OAuth 2 | Classplay,/admin/tool/oauth2/endpoints.php,
cp:56a66d4d9eed762f,Sess√µes do navegador | Classplay,/report/usersessions/user.php,
cp:041eb46072ebff0e,"Se√ß√£o: üîí Crie tom de voz, estilo, personas e muito mais com ferramentas de IA. | üîí IA + Branding | Classplay",/course/view.php,
cp:b9efd6363e8c479e,Sincroniza√ß√£o de coorte | Classplay,/enrol/editinstance.php,
cp:6fc983c673ff9ae1,Site administrators | Permissions | Users | Administration | Classplay,/admin/roles/admins.php,
cp:5b6149fbafab0aaa,Switch role to... | Classplay,/course/switchrole.php,
cp:75f7fde8a702ae19,"TUTORIAIS: Organiza√ß√µes Adapt√°veis: Lean & Agile, Produtividade e Comunica√ß√£o | Classplay",/mod/resource/view.php,
cp:09977c195f4c720a,Temas | Apar√™ncia | Administra√ß√£o | Classplay,/admin/themeselector.php,
cp:975cc19b3df9adf3,Templates | Apar√™ncia | Administra√ß√£o | Classplay,/admin/settings.php,
cp:e5930e2f69051029,Todos os coortes | Classplay,/cohort/index.php,
cp:e721d5de3abd9842,Todos os cursos | Classplay,/course/index.php,
cp:7ad66289bc4b7d8a,Turma Ag√™ncia Global - IA + MKT,/turmas-templo/turma-iamkt1124-ab,
cp:4e618c6bb00ebae3,Turma Brasas 2 - IA+Edu,/turmas-templo/controle-templo/turma-brasas-iaedu,
cp:3032a1b2902fbe80,Turma FSB (A) - IA + RP,/turmas-templo/turma-iamkt1124-fs,
cp:4b341b05fb8b7fad,Turma JBS - IA + MKT,/Turma-JBS-IA-MKT-1cb5c64454548004a804db858b7891d6,
cp:d6aa223fa3a6f6bf,Turma JBS - IA + MKT,/turmas-templo/controle-templo/turma-jbs-ia-mkt,
cp:b2cf676927f39ee5,Turmas Templo,/turmas-templo,
cp:12eb394324c8db7a,Turmas Templo: Carregar cursos | Classplay,/admin/tool/uploadcourse/index.php,
cp:3db05d45d8a2151a,Verifica√ß√£o de plugins | Classplay,/admin/index.php,
cp:39ad079da080a741,Vis√£o geral dos Plugins | Plugins | Administra√ß√£o | Classplay,/admin/plugins.php,
cp:39a79d2c611e8e8b,WOW Templo [ways of work],/turmas-templo/controle-templo/wow-templo,
cp:b165ba20ab31925b,WOW Templo [ways of work],/WOW-Templo-ways-of-work-1755c644545480fdb4a1fbe8d5b8e4ac,
cp:1e375950ac0e3491,Workflows,/automacao/workflows,
cp:8ddfadc923f2ffc8,Yuri Amorim: Perfil p√∫blico | Classplay,/user/profile.php,
cp:ef363421a4b78a23,aaaaaaaaaaaaaaaaa | Classplay,/mod/aiprompts/view.php,
cp:2c0b99433314625a,casos-uso | Classplay,/enrol/index.php,
cp:31786faf41cde427,casos-uso: Participantes | Classplay,/user/index.php,
cp:265afa5d27ea476f,teste | Classplay,/reportbuilder/edit.php,
cp:99705b0459469fe6,teste | Classplay,/reportbuilder/view.php,
cp:363c5e26870f28e2,üîí O Mundo dos Agents : Perfil pessoal: Vincenzo Teste Freemium | Classplay,/user/view.php,
yt:0DFkn3aU2Lk,0DFkn3aU2Lk,,0DFkn3aU2Lk
yt:2V6UdZHpWPE,2V6UdZHpWPE,,2V6UdZHpWPE
yt:2gtEC_CjkKo,2gtEC_CjkKo,,2gtEC_CjkKo
yt:33hsYG3oJ5U,33hsYG3oJ5U,,33hsYG3oJ5U
yt:7CkkLE9Axwk,7CkkLE9Axwk,,7CkkLE9Axwk
yt:C0QGUhvxZn8,C0QGUhvxZn8,,C0QGUhvxZn8
yt:DYGcgt74548,DYGcgt74548,,DYGcgt74548
yt:Gm-9DuQk4xI,Gm-9DuQk4xI,,Gm-9DuQk4xI
yt:K0g4PfEdFPc,K0g4PfEdFPc,,K0g4PfEdFPc
yt:MW1n99n2jD0,MW1n99n2jD0,,MW1n99n2jD0
yt:PLRjVSfmhPk,PLRjVSfmhPk,,PLRjVSfmhPk
yt:PcIH7bsLJTA,PcIH7bsLJTA,,PcIH7bsLJTA
yt:T8uslXFFbgw,T8uslXFFbgw,,T8uslXFFbgw
yt:WbIPQrDh9Yg,WbIPQrDh9Yg,,WbIPQrDh9Yg
yt:_plQDHjn4wc,_plQDHjn4wc,,_plQDHjn4wc
yt:cVtAoY6iSlQ,cVtAoY6iSlQ,,cVtAoY6iSlQ
yt:eLQ78aSyG54,eLQ78aSyG54,,eLQ78aSyG54
yt:eYxuKtZga1A,eYxuKtZga1A,,eYxuKtZga1A
yt:lw5R_gBE21U,lw5R_gBE21U,,lw5R_gBE21U
yt:myxNLUrSj54,myxNLUrSj54,,myxNLUrSj54
yt:rZoXhWB0Q2k,rZoXhWB0Q2k,,rZoXhWB0Q2k
